biosample_id,aminoglycoside,beta-lactam,colistin,fosfomycin,fusidic_acid,glycopeptide,macrolide,nitroimidazole,oxazolidinone,phenicol,quinolone,rifampicin,sulfonamide,tetracycline,trimethoprim
40889915,1,1,0,1,0,0,0,0,0,1,0,0,0,1,0
54529271,1,1,0,0,0,0,0,0,0,0,0,0,0,1,0
54802006,1,0,0,1,0,0,0,0,0,0,0,0,1,1,0
53668798,1,0,0,0,0,0,1,0,1,1,0,0,0,1,1
54496757,0,0,0,0,0,0,1,0,0,0,0,0,0,1,0
54764853,1,1,0,0,0,0,1,0,0,0,0,0,1,1,0
54456457,1,1,0,0,0,0,0,0,0,0,0,0,0,1,0
48146744,1,1,0,1,0,0,1,0,0,1,1,1,1,0,1
54767677,0,0,0,0,0,0,0,0,0,0,0,0,0,0,0
54769195,0,1,0,0,0,0,0,0,0,0,0,0,0,1,0
54766460,1,1,0,0,0,0,1,0,0,0,1,0,1,1,1
40889907,1,1,0,1,0,0,0,0,0,1,0,0,0,0,0
54353762,1,0,0,0,0,1,1,0,0,0,0,0,0,1,0
54529263,1,1,0,0,0,0,0,0,0,0,0,0,0,1,0
54769199,0,1,0,0,0,0,0,0,0,0,0,0,0,0,0
54781218,1,1,0,0,0,0,1,0,0,0,0,0,1,1,1
54586887,1,1,0,0,0,0,0,0,0,0,0,0,1,1,0
54496726,1,0,0,0,0,0,1,0,0,0,0,0,0,1,0
54803311,0,0,0,0,0,0,0,0,0,0,0,0,0,0,0
54765990,1,1,0,1,0,0,1,0,0,0,1,1,1,0,1
54763062,0,0,0,0,0,0,0,0,0,0,0,0,0,0,0
40889919,1,1,0,1,0,0,0,0,0,1,0,0,0,0,0
54764841,1,1,0,1,0,0,0,0,0,1,1,0,0,0,0
48146656,1,1,0,1,0,0,0,0,0,1,1,0,0,0,1
54596230,0,0,0,0,0,0,0,0,0,0,0,0,0,0,0
54754372,1,1,0,0,0,0,0,0,0,0,0,0,1,0,1
37705098,0,0,0,0,0,0,1,0,0,0,0,0,0,1,0
40889931,1,1,0,1,0,0,0,0,0,1,0,0,0,0,0
54450611,1,1,0,0,0,0,0,0,0,0,0,0,0,1,0
54590648,1,1,0,0,0,0,0,0,0,0,0,0,1,1,0
54751646,1,1,0,1,0,0,0,0,0,0,1,0,0,0,0
54803415,1,1,0,0,0,0,1,0,0,0,0,0,1,1,1
46183442,1,0,0,0,0,0,1,0,0,0,0,0,0,0,1
54456473,1,1,0,1,0,0,0,0,0,1,0,0,1,0,0
54751625,1,1,0,1,0,0,0,0,0,1,1,1,1,1,1
54269304,1,1,0,0,0,0,1,0,0,1,0,0,1,0,0
48739815,1,1,0,1,0,0,0,0,0,1,0,0,0,0,0
54555129,1,1,0,0,0,0,1,0,0,0,0,0,1,1,0
54768160,0,1,0,1,0,0,0,0,0,0,1,0,0,0,0
53669773,1,1,0,0,0,0,1,0,0,0,1,0,1,1,1
54449681,0,1,0,0,0,0,0,0,0,1,0,0,0,1,0
54590656,1,1,0,0,0,0,0,0,0,0,0,0,1,1,0
54353746,1,0,0,0,0,1,1,0,0,0,0,0,0,1,0
49025321,1,1,0,0,0,0,0,0,0,0,0,0,0,0,0
40889923,1,1,0,1,0,0,0,0,0,1,0,0,0,0,0
48146711,1,1,0,1,0,0,0,0,0,1,1,1,1,0,0
54751629,1,1,0,1,0,0,1,0,0,0,1,0,1,0,1
46183450,1,0,0,0,0,0,1,0,0,0,0,0,0,0,0
54456502,1,1,0,0,0,0,1,0,0,1,0,0,1,1,0
54118642,0,0,0,0,0,0,1,0,0,0,0,0,0,0,0
54799532,1,1,0,0,0,0,1,0,0,0,0,0,0,1,0
54799432,1,0,0,0,0,0,1,0,0,0,0,0,1,0,1
54802053,1,0,0,0,0,0,1,0,0,0,0,0,1,1,1
54751580,1,1,0,1,0,0,0,0,0,1,0,0,1,0,0
54751637,1,1,0,1,0,0,1,0,0,0,1,0,1,0,1
37705094,0,0,0,0,0,0,1,0,0,0,0,0,0,0,0
54353758,1,0,0,0,0,1,1,0,0,0,0,0,0,1,0
54616200,1,1,0,0,0,0,1,0,0,0,0,0,1,1,0
54803419,1,0,0,0,0,0,1,0,0,0,0,0,0,0,0
54590644,1,1,0,0,0,0,1,0,0,0,0,0,0,1,0
54353725,1,0,0,0,0,1,1,0,0,0,0,0,0,1,1
40889897,1,1,0,1,0,0,0,0,0,1,0,0,0,0,0
54800482,1,0,0,0,0,0,0,0,0,0,0,0,1,1,0
54459763,1,1,0,0,0,0,0,0,0,0,0,0,1,1,0
54616824,1,1,0,1,0,0,0,0,0,1,0,0,0,0,0
54804151,0,0,0,0,0,0,1,0,0,0,1,0,1,0,1
54766008,1,1,0,0,0,0,1,0,0,0,0,0,0,1,0
40889889,1,1,0,1,0,0,0,0,0,1,0,0,1,1,0
54767688,1,0,0,0,0,0,0,0,0,1,1,0,1,1,1
54595862,1,1,0,0,0,0,1,0,0,0,0,0,1,1,0
54738210,0,0,0,0,0,0,0,0,0,0,0,0,0,0,0
54570325,1,1,0,0,0,0,0,0,0,0,0,0,0,1,0
40889885,1,1,0,1,0,0,0,0,0,1,0,0,0,0,0
54449656,1,1,0,1,0,0,0,0,0,1,0,0,1,1,0
54802196,1,1,0,0,0,0,0,0,0,0,0,0,1,1,0
54616836,1,1,0,0,0,0,1,0,0,0,0,0,0,1,0
54804143,0,0,0,0,0,0,0,0,0,0,0,0,0,0,0
54586966,1,1,0,0,0,0,1,0,0,0,0,0,0,0,0
54443336,1,1,0,0,0,0,1,0,0,0,0,0,0,1,0
54589711,1,1,0,0,0,0,0,0,0,0,0,0,0,1,0
54738202,1,1,0,0,0,0,1,0,0,0,0,0,1,1,0
54802188,1,1,0,1,0,0,1,0,0,1,1,1,1,0,0
54448257,1,1,0,1,0,0,0,0,0,1,1,0,1,1,0
54449660,1,1,0,1,0,0,0,0,0,1,0,0,1,1,0
54799615,0,0,0,0,0,0,0,0,0,0,0,0,0,1,0
54456492,1,1,0,0,0,0,0,0,0,1,0,0,0,0,1
54118465,0,0,0,0,0,0,1,0,0,0,0,0,0,1,1
54572382,1,1,0,0,0,0,1,0,0,0,0,0,0,1,0
54459747,0,1,0,0,0,0,0,0,0,0,0,0,0,0,0
54712255,1,1,0,0,0,0,0,0,0,1,0,0,1,0,0
54572056,0,1,0,0,0,0,0,0,0,0,0,0,0,0,0
54249892,1,1,0,1,0,0,1,0,0,1,1,0,1,1,1
54738249,0,0,0,0,0,0,0,0,0,0,0,0,0,0,0
54803489,0,0,0,0,0,0,1,0,0,0,0,0,0,1,0
54449703,1,1,0,0,0,0,0,0,0,0,1,0,1,1,1
54768355,1,1,0,1,0,0,1,0,0,1,1,0,1,0,1
54459759,1,1,0,0,0,0,0,0,0,0,0,0,1,1,0
54449672,1,1,0,0,0,0,0,0,0,1,0,0,1,1,1
54448245,0,0,0,0,0,0,1,0,0,0,0,0,0,1,0
54497632,0,0,0,0,0,0,1,0,0,0,0,0,0,0,0
54459755,1,1,0,0,0,0,0,0,0,0,0,0,1,1,0
54768359,1,1,0,0,0,0,1,0,0,0,1,0,1,1,1
54456480,1,1,0,0,0,0,0,0,0,1,0,0,1,1,0
54459736,1,1,0,0,0,0,1,0,0,0,0,0,1,1,0
54448191,0,0,0,0,0,0,1,0,0,0,0,0,0,0,0
54766043,1,0,0,0,0,0,0,0,0,0,0,0,1,1,0
54799619,1,0,0,0,0,0,0,0,0,0,0,0,1,1,1
54417092,1,0,0,0,0,1,1,0,0,0,0,0,0,0,1
54570313,1,1,0,0,0,0,1,0,0,1,0,0,1,1,0
54443334,1,1,0,0,0,0,1,0,0,0,0,0,1,1,0
40889899,1,1,0,1,0,0,0,0,0,1,0,0,0,0,0
54448200,1,0,0,0,0,0,1,0,0,0,0,0,0,1,0
54738200,1,1,0,0,0,0,0,0,0,1,1,0,1,1,1
40889887,1,1,0,1,0,0,0,0,0,1,0,0,1,1,0
54802194,1,1,0,0,0,0,1,0,0,0,0,0,0,1,0
54616834,1,1,0,0,0,0,0,0,0,0,0,0,1,1,1
54572101,0,1,0,0,0,0,0,0,0,0,0,0,0,0,0
54449658,1,1,0,0,0,0,0,0,0,1,0,0,1,1,1
54802198,1,1,0,0,0,0,0,0,0,0,0,0,0,1,0
54616838,1,1,0,0,0,0,1,0,0,0,0,0,1,1,1
54768980,0,1,0,0,0,0,0,0,0,0,0,0,0,0,0
54570327,1,1,0,0,0,0,1,0,0,1,0,0,1,1,0
54800480,0,0,0,0,0,0,0,0,0,0,0,0,0,0,0
54765709,1,1,0,0,0,0,1,0,0,1,0,0,1,1,0
54443338,1,1,0,0,0,0,1,0,0,0,0,0,1,1,0
40889895,1,1,0,1,0,0,0,0,0,1,0,0,0,0,0
54448271,1,1,0,0,0,0,0,0,0,0,0,0,1,0,0
54459761,1,1,0,0,0,0,0,0,0,0,0,0,1,1,0
54443345,1,1,0,0,0,0,0,0,0,1,0,0,1,1,0
54560990,1,1,0,1,0,0,0,0,0,1,0,0,0,0,0
37705114,1,0,0,0,0,0,1,0,0,0,0,0,0,1,0
54417090,1,0,0,0,0,1,1,0,0,0,0,0,0,1,1
54459749,1,1,0,0,0,0,0,0,0,0,0,0,1,1,0
54449670,1,1,0,0,0,0,0,0,0,1,1,1,0,1,1
54766022,0,0,0,0,0,0,0,0,0,0,0,0,0,0,0
54803061,0,0,0,0,0,0,1,0,0,0,0,0,0,1,0
54459757,1,1,0,0,0,0,0,0,0,0,0,0,1,1,0
54497630,1,0,0,0,0,0,1,0,0,0,0,0,0,1,0
54804077,0,0,0,0,0,0,0,0,0,0,0,0,0,0,0
54592067,0,1,0,0,0,0,0,0,0,0,0,0,0,0,0
53301940,0,0,0,0,0,0,1,0,0,0,0,0,0,0,0
54417082,1,0,0,0,0,1,1,0,0,0,0,0,0,1,1
54449701,0,1,0,0,0,0,0,0,0,0,1,0,0,0,0
54448236,0,0,0,0,0,0,1,0,0,0,0,0,0,0,0
54768357,1,1,0,1,0,0,0,0,0,1,0,0,1,0,0
54459738,1,1,0,0,0,0,0,0,0,0,0,0,0,1,0
54449662,1,1,0,0,0,0,1,0,0,1,0,0,1,1,1
54467167,1,1,0,0,0,0,0,0,0,0,0,0,1,1,0
54459745,1,1,0,0,0,0,1,0,0,0,0,0,1,1,0
54712257,1,1,0,1,0,0,0,0,0,1,0,0,1,0,0
54592840,1,1,0,1,0,0,0,0,0,1,0,0,1,0,0
54765101,1,1,0,0,0,0,0,0,0,0,0,0,0,0,0
54802624,1,1,0,0,0,0,1,0,0,1,0,0,1,1,1
54803313,0,0,0,0,0,0,1,0,0,0,0,0,0,1,0
54765992,0,1,0,1,0,0,0,0,0,1,1,0,1,1,1
48146729,1,1,0,1,0,0,1,0,0,1,1,1,1,0,1
54764843,1,1,0,0,0,0,1,0,0,0,0,0,1,1,0
48146654,1,1,0,1,0,0,0,0,0,0,1,0,0,0,0
54702854,1,1,0,1,0,0,1,0,0,0,1,0,1,0,1
54800473,0,0,0,0,0,0,0,0,0,0,0,0,0,0,0
54764748,1,1,0,0,0,0,1,0,0,0,0,0,1,1,1
54353760,1,0,0,0,0,1,1,0,0,0,0,0,0,1,1
54529261,1,1,0,0,0,0,0,0,0,1,0,0,0,1,0
54769251,0,0,0,0,0,0,0,0,0,0,0,0,0,0,0
48146737,1,1,0,1,0,0,1,0,0,1,1,1,1,0,1
40889905,1,1,0,1,0,0,0,0,0,1,0,0,0,0,0
54586885,0,1,0,0,0,0,0,0,0,0,0,0,0,0,0
54587110,1,1,0,0,0,0,0,0,0,0,0,0,1,1,0
54764851,1,1,0,1,0,0,1,0,0,1,1,0,1,0,1
54763172,1,1,0,0,0,0,1,0,0,1,1,0,1,1,1
40889909,1,1,0,1,0,0,0,0,0,1,0,0,0,0,0
54169957,1,0,0,0,0,1,1,0,0,0,0,0,0,1,0
54496167,1,1,0,0,0,0,0,0,0,0,0,0,1,1,0
48146646,1,1,0,1,0,0,1,0,0,0,1,0,1,0,1
54590613,1,1,0,0,0,0,0,0,0,0,0,0,1,1,0
54529273,1,1,0,0,0,0,1,0,0,0,0,0,1,1,0
54570071,1,1,0,0,0,0,0,0,0,0,0,0,1,1,0
40889917,1,1,0,1,0,0,0,0,0,1,0,0,0,0,0
54802628,1,1,0,1,0,0,0,0,0,1,0,0,0,0,0
54802179,1,1,0,0,0,0,1,0,0,1,0,0,0,1,1
54768158,1,1,0,1,0,0,0,0,0,0,1,1,1,0,1
48146658,1,1,0,1,0,0,1,0,0,0,1,0,1,0,1
54616202,1,1,0,0,0,0,1,0,0,1,0,0,1,0,1
54802051,0,0,0,0,0,0,0,0,0,0,0,0,0,0,0
54763144,1,1,0,0,0,0,1,0,0,1,1,0,1,1,1
54751635,1,1,0,1,0,0,1,0,0,1,0,0,1,0,1
54592340,1,1,0,0,0,0,1,0,0,0,0,0,0,1,0
54456463,1,1,0,0,0,0,0,0,0,1,0,0,1,0,0
37705096,1,0,0,0,0,0,1,0,0,0,0,0,0,1,0
54590646,1,1,0,0,0,0,1,0,0,0,0,0,0,1,0
54353727,1,0,0,0,0,1,1,0,0,0,0,0,0,1,1
54449691,1,1,0,1,0,0,0,0,0,1,1,0,1,1,1
54751648,1,1,0,1,0,0,0,0,0,1,1,1,1,1,1
54555139,1,1,0,0,0,0,0,0,0,0,0,0,1,1,0
40889921,1,1,0,1,0,0,0,0,0,1,0,0,1,0,0
54801947,0,0,0,0,0,0,0,0,0,0,0,0,0,0,0
54353744,1,0,0,0,0,1,1,0,0,0,0,0,0,1,0
54590625,1,1,0,0,0,0,0,0,0,0,0,0,1,1,0
46183452,0,0,0,0,0,0,1,0,0,0,0,0,0,1,0
54799530,1,1,0,0,0,0,0,0,0,1,0,0,1,0,0
54590658,1,1,0,0,0,0,0,0,0,0,0,0,1,1,0
54767839,0,0,0,0,0,0,0,0,0,0,0,0,0,0,0
54529249,1,1,0,1,0,0,0,0,0,1,0,0,1,0,0
54444701,1,1,0,0,0,0,1,0,0,1,0,0,1,0,1
54590629,1,1,0,1,0,0,0,0,0,1,1,0,1,1,1
54799541,0,1,0,0,0,0,0,0,0,0,0,0,0,0,0
54590654,1,1,0,0,0,0,0,0,0,0,0,0,1,1,0
54768162,0,1,0,0,0,0,0,0,0,0,0,0,0,1,0
53669771,1,1,0,0,0,0,1,0,0,1,1,0,1,1,1
54449683,1,1,1,1,0,0,1,0,0,1,0,0,1,1,0
54751639,1,1,0,1,0,0,0,0,0,0,1,0,1,1,1
40889933,1,1,0,1,0,0,1,0,0,1,1,1,1,1,1
54353756,1,0,0,0,0,1,1,0,0,0,0,0,0,1,0
54751644,1,1,0,0,0,0,1,0,0,0,0,0,1,1,0
54555135,1,1,0,1,0,0,0,0,0,1,0,0,0,0,0
54799522,1,1,0,1,0,0,0,0,0,1,0,0,0,0,0
54417086,1,0,0,0,0,1,1,0,0,0,0,0,0,1,0
54799918,0,0,0,0,0,0,0,0,0,0,0,0,0,0,0
54616818,1,1,0,0,0,0,0,0,0,1,0,0,0,0,0
54449705,1,1,0,0,0,0,0,0,0,1,0,0,1,1,0
53301939,0,0,0,0,0,0,1,0,0,0,0,0,0,0,0
54249894,1,1,0,1,0,0,1,0,0,1,1,0,1,1,1
54449678,1,1,0,0,0,0,0,0,0,0,0,0,1,1,1
37705102,0,0,0,0,0,0,1,0,0,0,0,0,0,1,0
54459741,1,1,0,0,0,0,1,0,0,0,0,0,0,1,0
54592844,1,1,0,0,0,0,1,0,0,0,0,0,1,1,0
54417098,1,0,0,0,0,1,1,0,0,0,0,0,0,1,0
54570319,1,1,0,0,0,0,1,0,0,1,0,0,0,1,0
54449666,1,1,0,0,0,0,1,0,0,0,0,0,1,1,0
54766034,0,0,0,0,0,0,0,0,0,0,0,0,0,0,0
54570315,1,1,0,0,0,0,0,0,0,0,0,0,0,1,0
54417094,1,0,0,0,0,1,1,0,0,0,0,0,0,1,0
54766045,0,0,0,0,0,0,0,0,0,0,0,0,0,1,0
37705110,0,0,0,0,0,0,1,0,0,0,0,0,0,1,0
54459753,1,1,0,0,0,0,0,0,0,0,0,0,1,1,0
54456486,1,1,0,1,0,0,0,0,0,1,0,0,1,0,0
54497634,0,0,0,0,0,0,1,0,0,0,0,0,0,0,0
54449674,1,1,0,0,0,0,0,0,0,0,1,0,1,1,1
54803649,1,0,0,0,0,0,0,0,0,0,0,0,1,1,0
54570323,1,1,0,0,0,0,0,0,0,0,0,0,0,1,0
54754399,1,1,0,0,0,0,1,0,0,0,0,0,0,1,0
54799754,0,0,0,0,0,0,0,0,0,0,0,0,0,0,0
54765713,1,1,0,0,0,0,1,0,0,0,0,0,0,1,0
54443341,1,1,0,0,0,0,1,0,0,1,0,0,1,0,1
54616822,1,1,0,0,0,0,0,0,0,0,0,0,1,1,0
54804149,0,1,0,0,0,0,0,0,0,0,1,0,0,1,0
54766010,1,1,0,0,0,0,1,0,0,0,0,0,1,0,1
54767690,0,0,0,0,0,0,0,0,0,0,0,0,0,0,0
40889891,1,1,0,1,0,0,0,0,0,1,0,0,0,0,0
54804138,0,0,0,0,0,0,0,0,0,0,0,0,0,0,0
40889883,1,1,0,1,0,0,0,0,0,1,0,0,0,0,0
54766102,1,1,0,0,0,0,1,0,0,0,0,0,1,1,0
54799758,0,0,0,0,0,0,0,0,0,0,0,0,0,0,0
54767782,0,0,0,0,0,0,0,0,0,0,0,0,0,0,0
54450609,1,1,0,1,0,0,0,0,0,1,1,0,1,1,0
54353731,1,0,0,0,0,1,1,0,0,0,0,0,0,1,0
54755860,1,1,0,0,0,0,0,0,0,1,0,0,1,1,1
54590650,0,1,0,0,0,0,0,0,0,0,0,0,0,0,0
48008032,1,1,0,0,0,0,1,0,0,1,0,0,1,1,0
40889929,1,1,0,1,0,0,0,0,0,1,0,0,0,0,0
54751640,1,1,0,1,0,0,1,0,0,0,1,0,1,0,1
54803413,1,0,0,0,0,0,1,0,0,0,0,0,0,1,0
54555131,1,1,0,1,0,0,0,0,0,1,0,0,1,0,0
54799526,1,1,0,0,0,0,1,0,0,1,0,0,1,1,1
46183444,1,1,0,0,0,0,1,0,0,1,0,0,0,0,1
37960601,1,1,0,1,0,0,0,0,0,1,0,0,0,0,0
54763875,1,1,0,0,0,0,1,0,0,0,0,0,1,1,0
54577667,0,0,0,0,0,0,1,0,0,0,0,0,0,1,0
54570915,0,1,0,0,0,0,0,0,0,0,0,0,0,0,0
54353752,1,0,0,0,0,1,1,0,0,0,0,0,0,1,1
54590642,1,1,0,0,0,0,0,0,0,0,0,0,1,0,0
46183448,0,0,0,0,0,0,1,0,0,0,0,0,0,1,0
53669767,1,1,0,0,0,0,0,0,0,0,0,0,1,1,1
53668250,1,0,0,0,0,0,1,0,1,1,0,0,0,1,1
54802055,0,0,0,0,0,0,0,0,0,0,0,0,0,0,0
48146709,1,1,0,1,0,0,1,0,0,1,1,0,1,0,1
54751631,1,1,0,1,0,0,1,0,0,0,1,0,1,0,1
37705092,0,0,0,0,0,0,1,0,0,0,0,0,0,0,1
54555140,1,1,0,0,0,0,1,0,0,0,0,0,1,1,0
54799534,1,1,0,1,0,0,0,0,0,0,1,0,1,0,1
54804080,0,0,0,0,0,0,0,0,0,0,0,0,0,0,0
40889925,1,1,0,1,0,0,0,0,0,1,0,0,0,0,0
54590621,1,1,0,0,0,0,0,0,0,0,0,0,1,1,0
54494234,1,1,0,0,0,0,1,0,0,0,0,0,1,1,0
54353715,1,0,0,0,0,1,1,0,0,0,0,0,0,1,1
54764855,1,1,0,1,0,0,1,0,0,1,1,0,1,1,1
54529269,1,1,0,0,0,0,0,0,0,1,0,0,0,1,0
54590617,1,1,0,0,0,0,1,0,0,0,0,0,0,1,0
54802939,1,0,0,0,0,0,0,0,0,1,0,0,1,1,1
40889913,1,1,0,1,0,0,0,0,0,1,0,0,0,0,0
54766574,1,1,0,0,0,0,1,0,0,1,0,0,1,0,1
54763068,0,1,0,0,0,0,0,0,0,0,0,0,0,0,0
54572099,0,1,0,0,0,0,0,0,0,0,0,0,0,0,0
53669743,1,1,0,1,0,0,0,0,0,1,1,0,1,1,1
54623318,1,1,0,1,0,0,0,0,0,1,1,0,1,1,0
53646197,1,0,0,0,0,0,1,0,0,0,0,0,0,1,1
54495904,1,1,0,1,0,0,0,0,0,1,0,0,1,0,0
54802620,1,1,0,1,0,0,0,0,0,0,1,0,1,0,1
54763064,1,1,0,1,0,0,0,0,0,1,1,1,1,0,0
54764847,1,1,0,0,0,0,1,0,0,0,0,0,1,1,0
54502733,1,1,0,1,0,0,1,0,0,1,1,1,1,1,1
54692032,1,1,0,1,0,0,0,0,0,1,1,0,0,0,1
54529265,1,1,0,0,0,0,1,0,0,0,0,0,0,1,0
54801967,0,0,0,1,0,0,0,0,0,0,0,0,1,1,0
54803309,0,0,0,0,0,0,1,0,0,0,0,0,0,1,0
54765988,1,1,0,0,0,0,0,0,0,1,0,0,0,1,0
47177160,1,1,0,1,0,0,0,0,0,1,0,0,0,0,0
54764859,1,0,0,0,0,0,0,0,0,0,0,0,1,1,0
40889901,1,1,0,1,0,0,0,0,0,1,0,0,0,0,0
46183454,0,0,0,0,0,0,1,0,0,0,0,0,0,1,0
54456506,1,1,0,1,0,0,0,0,0,1,0,0,1,0,0
54799536,1,1,0,0,0,0,1,0,0,0,0,0,0,1,0
54763818,1,1,0,0,0,0,1,0,0,1,0,0,0,1,1
54590623,1,1,0,0,0,0,0,0,0,0,0,0,1,1,0
54768851,0,1,0,0,0,0,0,0,0,0,0,0,0,0,0
40889927,1,1,0,1,0,0,0,0,0,1,0,0,0,0,0
54768727,0,0,0,0,0,0,0,0,0,0,0,0,0,0,0
54799528,1,1,0,0,0,0,0,0,0,0,0,0,0,1,0
54766523,1,0,0,0,0,0,0,0,0,0,0,0,1,1,0
54618839,1,1,0,1,0,0,0,0,0,1,0,0,0,0,0
53669765,1,1,0,0,0,0,1,0,0,0,0,0,1,1,1
54802057,0,0,0,1,0,0,0,0,0,0,0,0,1,1,0
54751633,1,1,0,1,0,0,1,0,0,0,1,0,1,0,1
54456465,1,1,0,1,0,0,0,0,0,1,0,0,0,0,0
37705090,0,0,0,0,0,0,1,0,0,0,0,0,0,0,0
54566986,1,1,0,0,0,0,0,0,0,0,0,0,1,1,0
54763877,1,1,0,1,0,0,0,0,0,1,0,0,1,0,0
53669769,1,1,0,0,0,0,0,0,0,0,1,0,1,1,1
54555133,1,1,0,0,0,0,1,0,0,0,0,0,1,1,0
46183446,0,0,0,0,0,0,1,0,0,0,0,0,0,1,0
54529251,1,1,0,0,0,0,0,0,0,0,0,0,0,1,0
54353750,1,0,0,0,0,1,1,0,0,0,0,0,0,1,1
48146707,1,1,0,1,0,0,0,0,0,1,1,1,1,0,0
54766360,1,1,0,0,0,0,0,0,0,1,0,0,0,1,1
54596202,0,0,0,0,0,0,0,0,0,0,0,0,0,0,0
54768164,1,1,0,0,0,0,1,0,0,0,0,0,0,1,0
54449685,1,1,1,1,0,0,1,0,0,1,0,0,1,1,0
54767842,1,1,0,0,0,0,1,0,0,1,0,0,1,1,0
54590652,1,1,0,0,0,0,0,0,0,0,0,0,1,1,0
54755862,1,1,0,0,0,0,0,0,0,1,0,0,0,1,1
54684089,1,1,0,0,0,0,1,0,0,1,0,0,1,0,0
54707441,0,1,0,1,0,0,0,0,0,0,1,0,0,0,0
54269300,1,1,0,0,0,0,1,0,0,1,0,0,1,1,0
54803376,1,0,0,0,0,0,1,0,0,0,0,0,0,0,0
54766519,1,1,0,0,0,0,1,0,0,0,0,0,1,1,0
54586883,1,1,0,0,0,0,1,0,0,0,0,0,1,1,0
54461063,1,1,0,1,0,0,0,0,0,0,1,0,1,1,1
40889903,1,1,0,1,0,0,0,0,0,1,0,0,1,1,1
54527485,1,1,0,0,0,0,1,0,0,0,0,0,0,1,0
54590607,1,1,0,1,0,0,1,0,0,1,0,0,1,1,0
54529267,1,1,0,0,0,0,0,0,0,0,0,0,1,1,0
54800475,0,0,0,0,0,0,0,0,0,0,0,0,0,0,0
54587108,1,1,0,0,0,0,1,0,0,0,0,0,1,1,0
54764938,0,0,0,0,0,0,0,0,0,0,0,0,0,0,0
54767761,1,1,0,0,0,0,0,0,0,0,0,0,1,1,1
54764838,1,1,0,1,0,0,0,0,0,1,1,0,0,0,1
54616197,1,1,0,0,0,0,1,0,0,0,0,0,0,1,0
54802937,1,0,0,0,0,0,0,0,0,0,0,0,1,1,1
54497544,1,0,0,0,0,0,1,0,0,0,0,0,0,0,0
54590619,1,1,0,0,0,0,1,0,0,0,0,0,0,1,0
54765994,1,1,0,1,0,0,0,0,0,1,1,0,1,0,1
54802002,0,0,0,1,0,0,0,0,0,0,0,0,1,1,0
54755858,1,1,0,0,0,0,0,0,0,1,0,0,0,1,0
54800479,1,1,0,0,0,0,0,0,0,1,0,0,1,1,0
48146723,1,1,0,1,0,0,0,0,0,1,1,1,1,0,0
40889911,1,1,0,1,0,0,0,0,0,1,0,0,0,0,0
54494255,1,1,0,1,0,0,0,0,0,1,0,0,1,0,1
54765998,0,1,0,0,0,0,0,0,0,0,0,0,0,0,0
53669587,1,0,0,0,0,0,1,0,0,0,0,0,0,1,0
54590615,1,1,0,0,0,0,0,0,0,0,0,0,0,1,0
54353717,1,0,0,0,0,1,1,0,0,0,0,0,0,1,1
48146740,1,1,0,1,0,0,0,0,0,1,1,1,1,0,0
54526887,1,1,0,0,0,0,1,0,0,0,0,0,0,1,0
54570069,1,1,0,0,0,0,1,0,0,0,0,0,1,1,0
54552013,1,1,0,0,0,0,0,0,0,0,0,0,1,0,0
54768979,0,1,0,0,0,0,0,0,0,0,0,0,0,0,0
54764857,0,0,0,0,0,0,0,0,0,0,0,0,0,0,0
54802061,0,0,0,1,0,0,0,0,0,0,0,0,1,1,0
54765986,1,1,0,1,0,0,0,0,0,1,1,0,1,0,0
54417088,1,0,0,0,0,1,1,0,0,0,0,0,0,1,0
54459751,1,1,0,0,0,0,0,0,0,0,0,0,1,1,0
54616816,1,1,0,0,0,0,1,0,0,0,0,0,0,1,0
54456484,1,1,0,0,0,0,0,0,0,0,0,0,1,0,0
48146697,1,1,0,1,0,0,1,0,0,1,1,1,1,0,1
54448241,1,0,0,0,0,0,1,0,0,0,0,0,0,1,0
54570317,1,1,0,0,0,0,1,0,0,1,0,0,1,0,1
54417096,1,0,0,0,0,1,1,0,0,0,0,0,0,1,1
37705112,1,0,0,0,0,0,1,0,0,0,0,0,0,1,1
54449668,1,1,0,1,0,0,0,0,0,1,1,0,1,1,0
54592837,1,1,0,0,0,0,0,0,0,0,0,1,1,0,1
54738199,0,0,0,0,0,0,0,0,0,0,1,0,0,1,0
54456496,1,1,0,1,0,0,0,0,0,1,0,0,1,0,0
54448199,1,0,0,0,0,0,1,0,0,0,0,0,0,1,1
54459743,1,1,0,0,0,0,1,0,0,0,0,0,0,1,0
54799979,0,0,0,0,0,0,0,0,0,0,0,0,0,0,0
54449664,1,1,0,1,0,0,0,0,0,1,1,0,1,1,1
54448230,0,0,0,0,0,0,1,0,0,0,0,0,0,0,0
54417084,1,0,0,0,0,1,1,0,0,0,0,0,0,1,0
37705100,0,0,0,0,0,0,1,0,0,0,0,0,0,1,0
54496696,0,0,0,0,0,0,1,0,0,0,0,0,0,1,0
54804071,0,0,0,0,0,0,0,0,0,0,0,0,0,0,0
54768528,1,1,0,0,0,0,1,0,0,0,0,0,1,0,0
54766000,0,1,0,0,0,0,0,0,0,0,0,0,0,0,0
54803289,0,0,0,0,0,0,1,0,0,0,0,0,0,1,0
54767780,0,0,0,0,0,0,0,0,0,0,0,0,0,0,0
54804159,0,0,0,0,0,0,0,0,0,0,0,0,0,0,0
54804147,0,0,0,0,0,0,0,0,0,0,0,0,0,0,0
54803397,0,0,0,0,0,0,1,0,0,0,0,0,0,1,0
54553916,1,1,0,0,0,0,1,0,0,0,0,0,0,1,0
54443343,1,1,0,0,0,0,1,0,0,0,0,0,0,1,0
54616820,1,1,0,1,0,0,0,0,0,1,0,0,0,0,0
54799920,1,1,0,0,0,0,0,0,0,0,1,0,1,1,1
40889893,1,1,0,1,0,0,0,0,0,1,0,0,0,0,0
54570321,1,1,0,0,0,0,0,0,0,1,0,0,0,1,0
54558830,0,0,0,0,0,0,1,0,0,0,0,0,0,0,0
54448214,0,0,0,0,0,0,1,0,0,0,0,0,0,1,0
54804155,0,0,0,0,0,0,0,0,0,0,0,0,0,0,0
54509352,0,1,0,0,0,0,0,0,0,0,0,0,0,0,0
54459758,1,1,0,0,0,0,0,0,0,0,0,0,1,1,0
54768354,1,1,0,0,0,0,1,0,0,1,0,0,1,1,1
54417081,1,0,0,0,0,1,1,0,0,0,0,0,0,1,1
54589726,0,1,0,0,0,0,0,0,0,0,0,0,0,0,0
54173725,1,0,0,0,0,1,1,0,0,0,0,0,0,1,0
54572057,1,1,0,0,0,0,1,0,0,0,0,0,0,1,0
54249893,1,1,0,1,0,0,1,0,0,1,1,0,1,1,1
54592843,1,1,0,0,0,0,1,0,0,0,0,0,1,1,0
54572383,0,1,0,0,0,0,0,0,0,0,0,0,0,0,0
54459746,1,1,0,0,0,0,0,0,0,0,0,0,0,1,0
54449661,1,1,0,0,0,0,0,0,0,1,1,0,1,1,0
54766033,0,0,0,0,0,0,0,0,0,0,0,0,0,0,0
54799618,1,1,0,0,0,0,0,0,0,1,0,0,0,1,1
54703164,1,1,0,1,0,0,0,0,0,1,1,0,1,1,1
54766042,1,1,0,0,0,0,1,0,0,1,0,0,1,1,0
54417093,1,0,0,0,0,1,1,0,0,0,0,0,0,1,0
54570312,1,1,0,0,0,0,0,0,0,0,0,0,1,1,0
54440322,0,1,0,0,0,0,0,0,0,0,0,0,0,1,0
54752685,1,1,0,0,0,0,0,0,0,1,0,0,1,1,1
54459737,1,1,0,0,0,0,0,0,0,0,0,0,0,1,0
54497633,0,0,0,0,0,0,1,0,0,0,0,0,0,1,0
54456481,1,1,0,0,0,0,0,0,0,1,0,0,1,0,0
54768358,1,1,0,0,0,0,1,0,0,0,0,0,1,1,0
54799606,1,1,0,0,0,0,0,0,0,1,0,0,0,1,1
54803062,1,0,0,0,0,0,1,0,0,0,0,0,0,1,1
54459754,0,1,0,0,0,0,0,0,0,0,0,0,0,0,0
54449673,1,1,0,1,0,0,0,0,0,1,1,0,1,1,0
54592068,1,1,0,0,0,0,0,0,0,1,0,0,0,1,0
54570324,1,1,0,0,0,0,1,0,0,0,0,0,0,1,0
54592879,1,1,0,0,0,0,0,0,0,0,0,0,0,1,0
54738211,1,1,0,0,0,0,1,0,0,0,1,0,1,1,1
54492307,0,0,0,0,0,0,1,0,0,0,0,0,0,0,0
54804150,0,1,0,0,0,0,0,0,0,0,0,0,0,1,0
54566846,1,1,0,0,0,0,0,0,0,0,0,0,1,1,0
40889888,1,1,0,1,0,0,0,0,0,1,0,0,0,0,0
54767689,1,0,0,0,0,0,0,0,0,1,0,0,1,1,1
54766009,1,1,0,0,0,0,1,0,0,1,0,0,1,1,1
54443346,1,1,0,0,0,0,0,0,0,0,0,0,1,0,0
54616825,1,1,0,1,0,0,0,0,0,1,0,0,0,0,0
54443517,1,1,0,0,0,0,0,0,0,0,0,0,1,0,1
54459762,0,1,0,0,0,0,0,0,0,0,0,0,0,0,0
54756431,1,1,0,0,0,0,1,0,0,0,0,0,1,0,1
40889896,1,1,0,1,0,0,0,0,0,1,0,0,1,1,0
54448272,0,1,0,0,0,0,0,0,0,0,0,0,0,0,0
54738203,0,0,0,0,0,0,0,0,0,0,0,0,0,0,0
54768362,1,1,0,1,0,0,1,0,0,1,1,1,1,0,1
54448203,0,0,0,0,0,0,1,0,0,0,0,0,0,0,0
54802189,1,1,0,0,0,0,1,0,0,0,0,0,1,1,0
54586967,0,1,0,0,0,0,1,0,0,0,0,0,0,0,0
54804142,0,0,0,0,0,0,0,0,0,0,0,0,0,0,0
54567427,0,0,0,0,0,1,1,0,0,0,0,0,0,1,0
54443337,1,1,0,1,0,0,0,0,0,1,0,0,1,0,0
54802197,1,1,0,0,0,0,1,0,0,0,0,0,1,1,0
54449657,1,1,0,0,0,0,0,0,0,0,1,0,0,1,0
40889884,1,1,0,1,0,0,0,0,0,1,0,0,0,0,0
54766105,1,1,0,0,0,0,1,0,0,0,0,0,1,1,0
54380072,0,0,0,0,0,0,1,0,0,0,0,0,0,0,0
54586879,0,1,0,0,0,0,0,0,0,0,0,0,0,0,0
54449680,1,1,0,0,0,0,1,0,0,0,0,0,1,1,1
54769207,0,0,0,0,0,0,0,0,0,0,0,0,0,0,0
54707439,1,1,0,1,0,0,1,0,0,1,1,0,1,0,1
53669772,1,1,0,0,0,0,1,0,0,0,0,0,1,1,1
54437353,1,0,0,0,0,1,1,0,0,0,0,0,0,0,0
54590657,1,1,0,0,0,0,0,0,0,0,0,0,1,1,0
54456472,1,1,0,1,0,0,0,0,0,1,0,0,1,0,0
54801948,0,0,0,0,0,0,0,0,0,0,0,0,0,0,0
54444702,1,1,0,0,0,0,0,0,0,0,0,0,1,0,0
54590649,1,1,0,0,0,0,0,0,0,0,0,0,1,1,0
54353728,1,0,0,0,0,1,1,0,0,0,0,0,0,1,0
54444661,0,1,0,0,0,0,0,0,0,0,0,0,0,0,0
54756497,1,0,0,0,0,0,0,0,0,0,0,0,1,1,0
54799521,1,1,0,0,0,0,1,0,0,1,0,0,1,1,0
46183443,1,1,0,0,0,0,1,0,0,1,0,0,0,0,1
54751647,0,1,0,1,0,0,0,0,0,0,1,0,0,0,1
54803414,0,0,0,0,0,0,1,0,0,0,0,0,0,1,0
54529254,1,1,0,1,0,0,1,0,0,1,0,0,1,1,1
54353755,1,0,0,0,0,1,1,0,0,0,0,0,0,1,1
40889930,1,1,0,1,0,0,0,0,0,1,0,0,0,0,0
37705099,0,0,0,0,0,0,1,0,0,0,0,0,0,1,0
54803418,0,0,0,0,0,0,1,0,0,0,0,0,0,0,0
54590645,1,1,0,0,0,0,1,0,0,0,0,0,0,1,0
54711670,0,1,0,0,0,0,0,0,0,0,0,0,0,0,0
54751636,1,1,0,1,0,0,0,0,0,0,1,0,1,0,1
54618841,1,1,0,1,0,0,0,0,0,1,0,0,0,0,0
54456460,1,1,0,0,0,0,0,0,0,1,0,0,1,0,0
37705095,0,0,0,0,0,0,1,0,0,0,0,0,0,0,0
54802052,0,0,0,0,0,0,0,0,0,0,0,0,0,0,0
54616201,1,1,0,0,0,0,1,0,0,0,0,0,0,1,0
54456503,1,1,0,0,0,0,1,0,0,0,0,0,0,1,0
46183451,1,0,0,0,0,0,1,0,0,0,0,0,0,0,0
54353747,1,0,0,0,0,1,1,0,0,0,0,0,0,1,0
54590626,1,1,0,0,0,0,0,0,0,0,0,0,1,1,0
54751628,1,1,0,1,0,0,0,0,0,1,1,0,0,0,0
54801944,1,1,0,1,0,0,0,0,0,1,0,0,0,0,0
49025320,1,1,0,0,0,0,0,0,0,0,0,0,0,0,0
40889922,1,1,0,1,0,0,0,0,0,1,0,0,0,0,0
54767676,0,0,0,0,0,0,0,0,0,0,0,0,0,0,0
54769194,1,1,0,0,0,0,1,0,0,0,0,0,1,1,0
54494233,1,1,0,0,0,0,1,0,0,0,0,0,0,1,0
54496164,1,1,0,0,0,0,1,0,0,0,0,0,1,1,0
54764852,1,1,0,0,0,0,1,0,0,1,0,0,1,0,0
48146738,1,1,0,1,0,0,1,0,0,1,1,0,1,0,1
54802007,0,0,0,1,0,0,0,0,0,0,0,0,1,1,0
54496756,1,0,0,0,0,0,1,0,0,0,0,0,0,0,1
40889914,1,1,0,1,0,0,0,0,0,1,0,0,0,0,0
54766573,1,1,0,0,0,0,0,0,0,0,0,0,1,0,0
54529270,1,1,0,0,0,0,0,0,0,0,0,0,1,1,0
54570072,1,1,0,0,0,0,0,0,0,0,0,0,1,1,0
54495903,1,1,0,1,0,0,0,0,0,1,0,0,1,0,0
54754373,1,1,0,0,0,0,1,0,0,0,0,0,1,1,0
54496727,0,0,0,0,0,0,1,0,0,0,0,0,0,1,0
40889918,1,1,0,1,0,0,0,0,0,1,0,0,0,1,0
54764840,0,1,0,0,0,0,0,0,0,0,1,0,0,0,0
54502734,1,1,0,1,0,0,1,0,0,1,1,1,1,1,1
54765991,1,1,0,1,0,0,1,0,0,0,1,1,1,0,1
54769198,0,1,0,0,0,0,0,0,0,0,0,0,0,0,0
54781219,1,1,0,0,0,0,1,0,0,1,0,0,1,1,1
54586886,1,1,0,0,0,0,1,0,0,0,0,0,1,1,0
40889906,1,1,0,1,0,0,0,0,0,1,0,0,0,0,0
54353763,1,0,0,0,0,1,1,0,0,0,0,0,0,1,0
54529262,1,1,0,0,0,0,1,0,0,0,0,0,1,1,0
54496168,1,1,0,0,0,0,1,0,0,0,0,0,1,1,0
54456501,1,1,0,1,0,0,0,0,0,1,0,0,1,0,0
46183453,0,0,0,0,0,0,1,0,0,0,0,0,0,1,0
54799531,1,1,0,0,0,0,0,0,0,1,0,0,1,0,0
54169903,1,0,0,0,0,1,1,0,0,0,0,0,0,1,0
54590659,0,1,0,0,0,0,0,0,0,0,0,0,1,0,0
37705089,0,0,0,0,0,0,1,0,0,0,0,0,0,0,0
40889920,1,1,0,1,0,0,0,0,0,1,0,0,0,0,0
54353745,1,0,0,0,0,1,1,0,0,0,0,0,0,1,1
54165645,1,1,0,0,0,0,0,0,0,0,0,0,0,1,0
54590624,1,1,0,0,0,0,0,0,0,0,0,0,1,1,0
54590647,1,1,0,0,0,0,1,0,0,0,0,0,1,1,0
54353726,1,0,0,0,0,1,1,0,0,0,0,0,0,1,0
53669762,1,1,0,1,0,0,0,0,0,0,1,0,1,1,1
54751649,1,1,0,1,0,0,0,0,0,0,1,0,0,0,0
54768848,0,1,0,0,0,0,0,0,0,0,0,0,0,0,0
54616203,1,1,0,0,0,0,1,0,0,1,0,0,1,0,1
54751634,1,1,0,1,0,0,0,0,0,0,1,0,1,1,1
54618843,1,1,0,1,0,0,0,0,0,1,0,0,0,0,0
37705097,0,0,0,0,0,0,1,0,0,0,0,0,0,1,0
54802050,0,0,0,0,0,0,0,0,0,0,0,0,0,0,0
54751645,1,1,0,0,0,0,1,0,0,1,0,0,1,0,1
54444663,1,1,0,0,0,0,1,0,0,0,0,0,0,1,0
40889932,1,1,0,0,0,0,0,0,0,0,0,0,0,0,0
54751638,1,1,0,1,0,0,1,0,0,1,1,1,1,1,1
54684090,0,1,0,0,0,0,0,0,0,0,0,0,0,0,0
54528387,1,1,0,1,0,0,0,0,0,1,1,0,1,0,1
54590655,1,1,0,0,0,0,0,0,0,0,0,0,1,1,0
54449682,0,1,0,1,0,0,0,0,0,1,1,0,0,1,0
54768163,1,1,0,0,0,0,1,0,0,1,1,0,1,1,1
53669770,1,1,0,0,0,0,1,0,0,1,0,0,1,1,1
54353749,1,0,0,0,0,1,1,0,0,0,0,0,0,1,1
54590628,1,1,0,1,0,0,0,0,0,1,0,0,1,1,1
54799540,1,1,0,0,0,0,1,0,0,1,0,0,1,1,0
47133008,0,0,0,0,0,0,1,0,0,0,0,0,0,0,1
54586884,1,1,0,0,0,0,0,0,0,0,0,0,1,1,0
54353761,1,0,0,0,0,1,1,0,0,0,0,0,0,1,1
54529260,1,1,0,0,0,0,0,0,0,1,0,0,0,1,0
54764749,1,1,0,0,0,0,0,0,0,1,0,0,0,1,1
40889904,1,1,0,1,0,0,0,0,0,1,0,0,0,0,0
54456458,1,1,0,0,0,0,1,0,0,0,0,0,0,1,0
54703214,1,1,0,1,0,0,0,0,0,1,1,0,1,0,1
54764842,1,1,0,1,0,0,0,0,0,1,1,0,0,0,0
54803312,0,0,0,0,0,0,1,0,0,0,0,0,0,0,1
54765993,1,1,0,0,0,0,1,0,0,1,0,0,1,0,0
54763061,1,1,0,0,0,0,1,0,0,1,1,0,1,1,1
54496754,0,0,0,0,0,0,1,0,0,0,0,0,0,1,0
54768159,0,1,0,1,0,0,0,0,0,0,1,0,0,0,0
48146759,1,1,0,1,0,0,1,0,0,1,1,0,1,0,1
54802005,1,0,0,1,0,0,0,0,0,0,0,0,1,1,0
54529272,1,1,0,0,0,0,1,0,0,0,0,0,1,1,0
54801970,0,0,0,1,0,0,0,0,0,0,0,0,1,1,0
40889916,1,1,0,1,0,0,0,0,0,1,0,0,0,0,0
54769196,1,1,0,0,0,0,1,0,0,0,0,0,0,1,0
54589682,0,0,0,0,0,0,1,0,0,0,0,0,0,0,1
54764850,1,1,0,0,0,0,1,0,0,0,0,0,1,1,0
48634104,1,1,0,1,0,0,0,0,0,0,1,0,1,1,1
40889908,1,1,0,1,0,0,0,0,0,1,0,0,0,0,0
54497551,1,0,0,0,0,0,1,0,0,0,0,0,0,0,0
53668598,1,0,0,0,0,0,1,0,1,1,0,0,0,1,0
54456483,1,1,0,0,0,0,1,0,0,1,0,0,1,1,0
54459756,1,1,0,0,0,0,0,0,0,0,0,0,1,1,0
54449671,0,1,0,0,0,0,0,0,0,0,1,0,0,0,0
54769710,0,0,0,0,0,0,0,0,0,0,0,0,0,0,0
54417091,1,0,0,0,0,1,1,0,0,0,0,0,0,1,0
54348251,1,1,0,0,0,0,0,0,0,0,0,0,1,1,0
54448225,1,0,0,0,0,0,1,0,0,1,0,0,0,1,0
54448192,1,0,0,0,0,0,1,0,0,1,0,0,0,1,0
54459748,1,1,0,0,0,0,0,0,0,0,0,0,1,1,0
54766040,0,0,0,0,0,0,0,0,0,0,0,0,0,0,0
54269297,1,1,0,0,0,0,1,0,0,1,0,0,1,0,0
48633360,1,1,0,0,0,0,1,0,0,0,1,1,1,1,1
54459744,1,1,0,0,0,0,1,0,0,0,0,0,0,1,0
54448229,0,0,0,0,0,0,1,0,0,0,0,0,0,0,0
54765100,0,1,0,0,0,0,1,0,0,0,0,0,0,1,0
54459739,1,1,0,0,0,0,1,0,0,0,0,0,0,1,0
54449663,1,1,0,0,0,0,1,0,0,1,0,0,1,1,1
54448254,0,0,0,0,0,0,1,0,0,0,0,0,0,1,0
54417083,1,0,0,0,0,1,1,0,0,0,0,0,0,1,1
54449700,1,1,0,0,0,0,0,0,0,0,1,0,1,1,1
54768356,1,1,0,0,0,0,1,0,0,0,1,0,1,1,1
53669369,1,0,0,0,0,0,1,0,1,1,0,0,0,1,1
54572055,1,1,0,1,0,0,1,0,0,1,1,0,1,0,1
54803640,0,0,0,0,0,0,0,0,0,0,0,0,0,0,0
54173867,0,0,0,0,0,1,1,0,0,0,0,0,0,1,0
54592877,1,1,0,0,0,0,1,0,0,0,0,0,0,1,0
54572100,0,1,0,0,0,0,0,0,0,0,0,0,0,0,0
54802195,1,1,0,0,0,0,0,0,0,0,0,0,1,1,0
54616835,1,1,0,0,0,0,0,0,0,0,0,0,0,1,0
54118550,0,0,0,0,0,0,1,0,0,0,0,0,0,1,0
40889886,1,1,0,1,0,0,0,0,0,1,0,0,1,1,0
54768360,1,1,0,0,0,0,1,0,0,0,0,0,1,1,0
54448201,1,0,0,0,0,0,1,0,0,0,0,0,0,0,0
54738201,0,0,0,0,0,0,0,0,0,0,0,0,0,0,0
53668900,0,0,0,0,0,0,1,0,0,0,0,0,0,0,0
54803290,0,0,0,0,0,0,1,0,0,0,0,0,0,0,0
54443335,1,1,0,0,0,0,1,0,0,0,0,0,0,1,0
40889898,1,1,0,1,0,0,0,0,0,1,0,0,0,0,0
54443344,1,1,0,0,0,0,1,0,0,0,0,0,0,1,0
54459760,1,1,0,0,0,0,0,0,0,0,0,0,1,1,0
54800481,0,1,0,0,0,0,1,0,0,0,1,0,1,0,1
54443339,1,1,0,0,0,0,1,0,0,1,0,0,1,1,0
40889894,1,1,0,1,0,0,0,0,0,1,0,0,0,0,0
54448213,0,0,0,0,0,0,1,0,0,0,0,0,0,1,0
54570326,1,1,0,0,0,0,1,0,0,1,0,0,0,1,0
54768981,1,1,0,0,0,0,0,0,0,0,0,0,1,1,0
54572620,1,1,0,0,0,0,0,0,0,1,0,0,1,1,0
54449659,1,1,0,0,0,0,0,0,0,1,0,0,1,1,1
54803282,1,0,0,0,0,0,0,0,0,0,0,0,1,1,0
54616198,1,1,0,0,0,0,0,0,0,0,0,0,0,1,0
54590616,1,1,0,0,0,0,1,0,0,0,0,0,0,1,0
54763069,0,1,0,0,0,0,0,0,0,0,0,0,0,0,0
48146720,1,1,0,1,0,0,1,0,0,1,1,1,1,0,1
40889912,1,1,0,1,0,0,0,0,0,1,0,0,0,0,0
54766575,1,1,0,0,0,0,1,0,0,1,0,0,1,0,1
54587107,1,1,0,0,0,0,1,0,0,0,0,0,1,1,0
54802001,0,0,0,1,0,0,0,0,0,0,0,0,1,1,0
54764837,1,1,0,0,0,0,1,0,0,0,0,0,1,1,0
54802633,1,1,0,1,0,0,0,0,0,1,0,0,0,0,0
54764854,1,1,0,0,0,0,1,0,0,0,0,0,1,1,0
54802062,0,0,0,1,0,0,0,0,0,0,0,0,1,1,0
54592880,1,1,0,0,0,0,1,0,0,0,0,0,0,1,0
54552010,1,1,0,0,0,0,0,0,0,0,0,0,1,1,0
54590608,1,1,0,1,0,0,0,0,0,1,1,1,1,1,0
54529268,1,1,0,0,0,0,1,0,0,1,0,0,1,1,0
54526884,1,1,0,0,0,0,0,0,0,0,0,0,1,1,0
54353714,1,0,0,0,0,1,1,0,0,0,0,0,0,1,0
54529264,1,1,0,0,0,0,0,0,0,0,0,0,1,1,0
54527486,1,1,0,0,0,0,1,0,0,0,0,0,0,1,0
40889900,1,1,0,1,0,0,0,0,0,1,0,0,0,0,0
54803308,0,0,0,0,0,0,1,0,0,0,0,0,0,1,0
54765989,1,1,0,0,0,0,1,0,0,1,0,0,1,1,1
54802957,0,0,0,0,0,0,1,0,0,0,0,0,0,1,0
54526888,1,1,0,0,0,0,1,0,0,0,0,0,0,1,0
54596229,0,0,0,0,0,0,0,0,0,0,0,0,0,0,0
54764846,1,1,0,1,0,0,0,0,0,1,1,0,0,0,0
54502732,1,1,0,1,0,0,1,0,0,1,1,1,1,1,1
54765997,0,1,0,0,0,0,0,0,0,0,0,0,0,0,0
54763065,0,1,0,0,0,0,0,0,0,0,0,0,0,0,0
54767762,0,0,0,0,0,0,0,0,0,0,0,0,0,0,0
54703273,1,1,0,1,0,0,0,0,0,1,1,0,1,0,1
54572098,0,1,0,0,0,0,0,0,0,0,0,0,0,0,0
54755857,1,1,0,0,0,0,0,0,0,1,0,0,0,1,0
53646196,0,0,0,0,0,0,1,0,0,0,0,0,0,1,0
54495905,1,1,0,1,0,0,0,0,0,1,0,0,1,0,0
54802058,0,0,0,0,0,0,0,0,0,0,0,0,0,0,0
54803512,0,0,0,0,0,0,0,0,0,0,0,0,0,0,0
54449698,1,1,0,1,0,0,0,0,0,1,0,0,1,1,1
54799527,1,1,0,1,0,0,0,0,0,1,0,1,1,0,1
46183445,0,0,0,0,0,0,0,0,0,0,0,0,0,1,0
54751641,1,1,0,1,0,0,1,0,0,1,0,0,1,0,1
54618836,1,1,0,1,0,0,0,0,0,1,0,0,1,0,0
54555130,1,1,0,1,0,0,0,0,0,1,0,0,0,0,0
40889928,1,1,0,1,0,0,0,0,0,1,0,0,0,0,0
54456474,1,1,0,0,0,0,0,0,0,0,0,0,0,1,0
54353730,1,0,0,0,0,1,1,0,0,0,0,0,0,1,1
54590651,1,1,0,0,0,0,0,0,0,0,0,0,1,1,0
54450608,1,1,0,1,0,0,0,0,0,1,0,0,1,0,0
54449686,1,1,0,0,0,0,0,0,0,0,0,0,1,1,1
54799539,1,1,0,1,0,0,0,0,0,1,0,0,0,0,0
54769696,1,1,0,0,0,0,0,0,0,0,1,0,1,1,1
40889924,1,1,0,1,0,0,0,0,0,0,0,0,0,0,0
54590620,1,1,0,0,0,0,1,0,0,1,0,0,1,1,0
54751630,1,1,0,1,0,0,0,0,0,0,1,0,1,1,1
54764962,0,1,0,0,0,0,0,0,0,0,0,0,0,0,0
37705093,1,0,0,0,0,0,1,0,0,0,0,0,0,1,0
54448169,1,1,0,1,0,0,0,0,0,1,0,0,1,0,0
54590643,1,1,0,0,0,0,1,0,0,0,0,0,0,1,0
54763878,1,1,0,0,0,0,1,0,0,1,0,0,1,1,0
53669766,1,1,0,0,0,0,0,0,0,1,1,0,1,1,1
54449694,1,1,0,0,0,0,1,0,0,1,0,0,0,1,0
46183449,0,0,0,0,0,0,1,0,0,0,0,0,0,1,0
54767691,0,0,0,0,0,0,0,0,0,0,0,0,0,0,0
40889890,1,1,0,1,0,0,0,0,0,1,0,0,0,0,0
54766011,1,1,0,0,0,0,0,0,0,0,0,0,0,1,0
54804135,0,0,0,0,0,0,0,0,0,0,0,0,0,0,0
54738209,0,0,0,0,0,0,0,0,0,0,0,0,0,0,0
54443340,1,1,0,0,0,0,1,0,0,0,0,0,1,0,0
54616823,1,1,0,0,0,0,1,0,0,0,0,0,0,1,0
54754398,1,1,0,0,0,0,1,0,0,0,0,0,0,1,0
54765712,1,1,0,0,0,0,0,0,0,1,1,0,1,1,1
53669565,1,0,0,0,0,0,1,0,1,1,0,0,0,1,0
54570322,1,1,0,0,0,0,0,0,0,0,0,0,1,1,0
54380074,0,0,0,0,0,0,1,0,0,0,0,0,0,0,1
54766003,1,1,0,1,0,0,0,0,0,1,1,0,1,1,1
54766103,1,1,0,1,0,0,1,0,0,1,1,0,1,0,1
54802191,1,1,0,1,0,0,0,0,0,1,0,0,1,0,0
54560987,1,1,0,1,0,0,0,0,0,1,0,0,0,0,0
54589716,1,1,0,0,0,0,1,0,0,1,0,0,1,0,1
54553915,1,1,0,0,0,0,1,0,0,0,0,0,0,1,0
54738205,0,0,0,0,0,0,0,0,0,0,0,0,0,0,0
54800012,0,1,0,0,0,0,0,0,0,0,0,0,0,1,0
54449667,1,1,1,1,0,0,1,0,0,1,1,0,1,1,1
54557916,0,0,0,0,0,0,1,0,0,0,0,0,0,1,0
54592838,1,1,0,0,0,0,1,0,0,0,0,0,1,1,0
54459740,1,1,0,0,0,0,1,0,0,0,0,0,0,1,0
54765940,1,1,0,0,0,0,1,0,0,1,0,0,1,1,0
54803490,1,0,0,0,0,0,1,0,0,0,0,0,0,0,0
54497627,0,0,0,0,0,0,1,0,0,0,0,0,0,1,0
54570318,1,1,0,0,0,0,1,0,0,1,0,0,1,1,0
54249895,1,1,0,1,0,0,1,0,0,1,1,0,1,1,1
54496695,0,0,0,0,0,0,1,0,0,0,0,0,0,0,0
53301938,0,1,0,0,0,0,1,0,0,0,0,0,0,1,0
54449679,1,1,0,0,0,0,1,0,0,1,1,0,1,1,1
54587424,1,0,0,0,0,0,1,0,0,0,0,0,0,1,0
54763780,0,0,0,0,0,0,0,0,0,0,0,0,0,0,0
54417087,1,0,0,0,0,1,1,0,0,0,0,0,0,1,1
54616819,1,1,0,0,0,0,1,0,0,0,0,0,0,1,0
54449704,1,1,0,0,0,0,1,0,0,0,1,0,1,1,1
48146694,1,1,0,1,0,0,1,0,0,1,1,1,1,0,1
54448242,0,0,0,0,0,0,1,0,0,0,0,0,0,1,1
54449675,1,1,0,0,0,0,1,0,0,0,1,0,1,1,1
54799968,0,0,0,0,0,0,0,0,0,0,0,0,0,0,0
54459752,1,1,0,0,0,0,0,0,0,0,0,0,1,1,0
54414983,1,1,0,0,0,0,0,0,0,1,0,0,1,0,0
54804160,0,0,0,0,0,0,0,0,0,0,0,0,0,0,0
54765075,0,0,0,0,0,0,0,0,0,0,0,0,0,0,0
37705111,0,0,0,0,0,0,1,0,0,0,0,0,0,1,0
54766039,1,1,0,0,0,0,1,0,0,1,0,0,1,1,0
54570314,1,1,0,0,0,0,1,0,0,1,0,0,1,1,0
54417095,1,0,0,0,0,1,1,0,0,0,0,0,0,1,0
54801401,0,0,0,0,0,0,0,0,0,0,0,0,0,0,0
54804146,0,0,0,0,0,0,0,0,0,0,0,0,0,0,0
54589714,1,1,0,1,0,0,0,0,0,1,0,0,1,0,0
54738207,0,0,0,0,0,0,0,0,0,0,0,0,0,0,0
54766001,0,1,0,0,0,0,0,0,0,0,0,0,0,0,0
54766101,1,1,0,0,0,0,1,0,0,0,0,0,1,1,0
54559362,0,0,0,0,0,0,1,0,0,0,0,0,0,0,0
54802093,0,0,0,1,0,0,0,0,0,0,0,0,1,1,0
54768529,1,1,0,0,0,0,1,0,0,1,1,0,1,1,1
54448219,1,0,0,0,0,0,1,0,0,0,0,0,0,1,0
54616833,1,1,0,0,0,0,0,0,0,0,0,0,0,1,0
54765710,1,1,0,0,0,0,1,0,0,0,0,0,0,1,0
54804154,0,0,0,0,0,0,0,0,0,0,0,0,0,0,0
54799757,0,0,0,0,0,0,0,0,0,0,0,0,0,0,0
54570320,1,1,0,0,0,0,1,0,0,1,0,0,1,1,0
54760371,0,0,0,0,0,0,0,0,0,0,0,0,0,0,0
54767693,1,0,0,0,0,0,0,0,0,0,0,0,0,1,0
40889892,1,1,0,1,0,0,0,0,0,1,0,0,0,0,0
54766013,0,0,0,0,0,0,0,0,0,0,0,0,0,0,0
54443342,1,1,0,0,0,0,1,0,0,1,0,0,1,1,0
54616821,1,1,0,1,0,0,0,0,0,1,1,0,1,1,0
54804137,0,0,0,0,0,0,0,0,0,0,0,0,0,0,0
37705113,1,0,0,0,0,0,1,0,0,0,0,0,0,1,0
54449669,1,1,0,1,0,0,1,0,0,1,0,0,1,1,1
54804162,0,0,0,0,0,0,0,0,0,0,0,0,0,0,0
54702888,1,1,0,1,0,0,0,0,0,1,1,0,1,1,1
54766046,1,1,0,0,0,0,1,0,0,1,0,0,1,1,0
54570316,1,1,0,0,0,0,1,0,0,1,0,0,1,1,0
54417097,1,0,0,0,0,1,1,0,0,0,0,0,0,1,0
54449677,1,1,0,1,0,0,0,0,0,1,0,0,1,1,1
54417089,1,0,0,0,0,1,1,0,0,0,0,0,0,1,0
54348249,1,1,0,0,0,0,1,0,0,1,0,0,1,0,0
54803922,0,0,0,0,0,0,0,0,0,0,0,0,0,0,0
54802200,1,1,0,0,0,0,1,0,0,0,0,0,1,1,1
54459750,1,1,0,0,0,0,0,0,0,0,0,0,1,1,0
37705101,1,0,0,0,0,0,1,0,1,1,0,0,0,1,0
54572053,0,0,0,0,0,0,1,0,0,0,0,0,0,0,0
54804070,1,0,0,0,0,0,0,0,0,0,1,0,1,1,0
54456489,1,1,0,1,0,0,0,0,0,1,0,0,1,0,0
54417085,1,0,0,0,0,1,1,0,0,0,0,0,0,1,0
54449665,1,1,0,0,0,0,0,0,0,0,1,0,1,0,1
54738198,0,0,0,0,0,0,0,0,0,0,0,0,0,0,0
54459742,1,1,0,0,0,0,0,0,0,0,0,0,1,0,1
54456497,1,1,0,0,0,0,1,0,0,0,0,0,0,1,0
54764993,1,0,0,0,0,0,0,0,0,1,0,0,1,1,1
54590618,1,1,0,0,0,0,1,0,0,0,0,0,1,0,0
54616196,1,1,0,0,0,0,1,0,0,0,0,0,0,1,0
54764844,1,1,0,0,0,0,1,0,0,0,0,0,1,1,0
54765995,1,1,0,1,0,0,1,0,0,1,1,0,1,1,1
54763067,1,1,0,0,0,0,1,0,0,1,0,0,1,1,0
54800474,0,0,0,0,0,0,0,0,0,0,0,0,0,0,0
44533364,0,0,0,0,0,0,1,0,1,1,0,0,0,1,0
54767760,0,0,0,0,0,0,0,0,0,0,0,0,0,0,0
54764839,1,1,0,0,0,0,1,0,0,0,0,0,1,1,1
54764939,1,0,0,0,0,0,0,0,0,0,0,0,1,1,0
48146730,1,1,0,1,0,0,0,0,0,1,1,0,1,1,1
40889902,1,1,0,1,0,0,0,0,0,1,0,0,0,0,0
54529266,1,1,0,0,0,0,0,0,0,0,0,0,1,1,0
54527484,1,1,0,0,0,0,1,0,0,0,0,0,0,1,0
54803377,1,0,0,0,0,0,1,0,0,0,0,0,0,1,0
54768978,1,1,0,0,0,0,1,0,0,0,0,0,1,1,1
54765987,0,1,0,0,0,0,0,0,0,1,0,0,1,0,0
54764856,1,1,0,1,0,0,1,0,0,1,1,0,1,0,1
54802060,0,0,0,1,0,0,0,0,0,0,0,0,1,1,0
54353716,1,0,0,0,0,1,1,0,0,0,0,0,0,1,1
54526886,1,1,0,0,0,0,0,0,0,0,0,0,0,1,0
54494254,1,1,0,1,0,0,0,0,0,1,0,0,1,0,0
54765999,1,1,0,0,0,0,0,0,0,1,0,0,0,1,0
40889910,1,1,0,1,0,0,0,0,0,1,0,1,1,1,1
54764848,1,1,0,0,0,0,1,0,0,0,0,0,1,1,0
54766577,0,1,0,0,0,0,0,0,0,0,0,0,0,0,0
54590614,1,1,0,0,0,0,0,0,0,0,0,0,1,1,0
54764835,1,1,0,0,0,0,1,0,0,0,0,0,1,1,0
54755859,1,1,0,0,0,0,1,0,0,1,0,0,0,1,1
54751632,1,1,0,1,0,0,0,0,0,1,1,0,0,0,0
54456464,1,1,0,0,0,0,0,0,0,1,0,0,1,0,0
54763143,0,0,0,0,0,0,1,0,0,1,0,0,1,1,1
54802812,1,1,0,0,0,0,0,0,0,0,0,0,1,1,0
53802719,0,0,0,0,0,0,1,0,0,0,0,0,0,0,0
54449696,1,1,0,1,0,0,0,0,0,1,0,0,1,1,0
54799529,1,1,0,1,0,0,0,0,0,1,1,1,1,0,1
54590641,1,1,0,0,0,0,1,0,0,0,0,0,1,1,1
54353720,1,0,0,0,0,1,1,0,0,0,0,0,0,1,0
54353743,1,0,0,0,0,1,1,0,0,0,0,0,0,1,0
54590622,1,1,0,0,0,0,0,0,0,0,0,0,1,1,0
40889926,1,1,0,1,0,0,0,0,0,1,0,0,0,0,0
54449688,1,1,0,1,0,0,0,0,0,1,0,0,1,1,0
54799537,1,1,0,1,0,0,0,0,0,1,1,0,1,1,1
54763815,1,1,0,0,0,0,0,0,0,1,0,0,0,1,1
54269301,1,1,0,0,0,0,0,0,0,0,0,0,0,0,0
54449684,1,1,0,1,0,0,0,0,0,1,0,0,1,1,1
53668410,0,0,0,0,0,0,1,0,0,0,0,0,0,0,0
54768065,0,1,0,0,0,0,0,0,0,0,0,0,0,0,0
54353732,1,0,0,0,0,1,1,0,0,0,0,0,0,1,1
54590653,1,1,0,0,0,0,0,0,0,0,0,0,1,1,0
54755863,1,1,0,0,0,0,0,0,0,1,0,0,1,1,1
54353751,1,0,0,0,0,1,1,0,0,0,0,0,0,1,1
40889934,1,1,0,1,0,0,0,0,0,1,0,0,0,0,0
54763876,1,1,0,0,0,0,1,0,0,0,0,0,0,1,0
46183447,0,0,0,0,0,0,1,0,0,0,0,0,0,1,0
54751643,1,1,0,1,0,0,0,0,0,1,1,0,1,0,1
53669768,1,1,0,0,0,0,0,0,0,0,0,0,1,1,1
